rnti_count,rb_down,rb_up,down,up
8528.0,0.026840191,0.00083255797,153230900.0,1957203.0
8638.0,0.026512152,0.0005909289,153196880.0,1624466.0
8861.0,0.027695576,0.0007769343,158264940.0,1746200.0
8034.0,0.023563808,0.00036002087,141648780.0,1201362.0
7211.0,0.02029451,0.0001761931,126330120.0,947424.0
7614.0,0.023489654,0.00082684413,136594880.0,1746017.0
7882.0,0.02418305,0.00062613585,140215170.0,1451304.0
7984.0,0.024578173,0.0006736216,142511730.0,1560346.0
7366.0,0.021282362,0.00016952999,128958070.0,921782.0
7155.0,0.020863596,0.00023195843,126257070.0,1008208.0
7781.0,0.02472546,0.00086676935,140008700.0,1735073.0
7208.0,0.02100724,0.00015820583,126765170.0,943987.0
6306.0,0.017731428,0.0,110018220.0,629052.0
6243.0,0.01820333,0.00019519948,110798660.0,817058.0
6056.0,0.017502854,0.0001307923,106750070.0,763576.0
6495.0,0.019910123,0.00039663725,115700640.0,1133611.0
6791.0,0.021082303,0.0004946817,121083990.0,1152630.0
6387.0,0.018382506,0.0,111642480.0,643755.0
6290.0,0.018519623,0.0002583081,111296824.0,983028.0
7047.0,0.022539794,0.00078920607,127244850.0,1589524.0
7327.0,0.023239171,0.0006944834,131475730.0,1521092.0
7125.0,0.021596564,0.00032715345,125880620.0,1015196.0
7085.0,0.02140708,0.00041413,125986230.0,1101070.0
7500.0,0.023745548,0.0008182335,134875220.0,1546684.0
7679.0,0.023312718,0.00041374125,136316480.0,1213725.0
8215.0,0.025883267,0.0008682755,147605340.0,1841274.0
7597.0,0.022302438,0.00029347325,133769570.0,1153575.0
7007.0,0.019767238,6.260198e-05,122630570.0,939247.0
6348.0,0.017761454,2.6534366e-05,110556950.0,729790.0
6000.0,0.017201945,0.00019657316,105448200.0,845936.0
6223.0,0.019017585,0.00047427652,110651170.0,1126277.0
7066.0,0.023015566,0.00092577084,128330290.0,1764720.0
7820.0,0.025153708,0.0008350507,141226160.0,1796175.0
7469.0,0.02231855,0.00026777005,132152760.0,1150648.0
8191.0,0.02605995,0.00075087335,147299310.0,1763671.0
6848.0,0.019055394,0.0,118693150.0,526344.0
6652.0,0.019293426,0.00020297879,117055070.0,894275.0
6658.0,0.019916767,0.00040331314,118149890.0,1066507.0
7335.0,0.022867499,0.0006884359,131983280.0,1515502.0
7839.0,0.024789972,0.00083109795,141313680.0,1750177.0
7039.0,0.020436345,0.000117062096,123309656.0,863023.0
6934.0,0.020562802,0.00034073432,122530840.0,1038792.0
6553.0,0.018701285,1.7557915e-05,114518264.0,704617.0
7649.0,0.024922417,0.0010607305,139485040.0,2097502.0
7166.0,0.021565422,0.0002943426,126813760.0,1111365.0
6745.0,0.019897584,0.00012356273,118451020.0,757976.0
6964.0,0.02066182,0.00033850424,123302424.0,1127361.0
8669.0,0.028934333,0.001373513,158798130.0,2562906.0
8657.0,0.027170168,0.00066174055,154776080.0,1738988.0
9141.0,0.029034087,0.00081707595,164268180.0,1881286.0
8762.0,0.026505005,0.00054339773,154762770.0,1431658.0
7953.0,0.022661885,0.00019126186,139046980.0,1000882.0
8634.0,0.02684009,0.0008715038,154811580.0,1856287.0
9212.0,0.029039973,0.0010007207,165370220.0,1970106.0
8595.0,0.02542294,0.0004451864,151510800.0,1372122.0
8439.0,0.025469404,0.0006192828,149752050.0,1619325.0
8782.0,0.027143411,0.0008243954,157046860.0,1979520.0
9424.0,0.029829854,0.0009847389,169157400.0,2205348.0
9471.0,0.029557543,0.0009083298,169024540.0,2011911.0
8835.0,0.026191222,0.0005658869,155628690.0,1536381.0
8311.0,0.02399255,0.00034092242,145736640.0,1283958.0
8845.0,0.027255548,0.00079555344,158325460.0,1884804.0
9574.0,0.03014753,0.001054684,171547740.0,2293898.0
9826.0,0.030495001,0.0008242147,174634340.0,1991583.0
10782.0,0.034436975,0.0012471871,193717020.0,2636174.0
11564.0,0.037029985,0.0013111864,208035230.0,2881450.0
11800.0,0.03702122,0.0010800331,210649630.0,2564665.0
12170.0,0.03845261,0.0013145308,217788110.0,2889532.0
11749.0,0.035695307,0.0008830948,207731940.0,2242668.0
11756.0,0.03564454,0.0009929575,208419200.0,2277716.0
12290.0,0.03843434,0.0013657255,220295100.0,2867165.0
12019.0,0.036832776,0.0011983381,213652050.0,2614036.0
11434.0,0.034013823,0.0008190395,201455100.0,2058800.0
10775.0,0.03159479,0.0007529522,189824930.0,1958271.0
10437.0,0.03112901,0.000952276,184750350.0,2169408.0
9184.0,0.026096528,0.00043314928,159976930.0,1341558.0
7435.0,0.019517926,0.0,126887960.0,529089.0
7494.0,0.022020424,0.0007204691,132986104.0,1428172.0
7447.0,0.022256564,0.0006488601,132306424.0,1465686.0
7606.0,0.022863582,0.0006049574,135478290.0,1482636.0
7887.0,0.024560014,0.0007200208,141035120.0,1668128.0
7579.0,0.022929441,0.0004698889,134003910.0,1277965.0
7967.0,0.024881369,0.0008325304,143297820.0,1730493.0
7880.0,0.024031686,0.00050421123,139622350.0,1344225.0
8035.0,0.024833534,0.0006197904,143377800.0,1493565.0
8331.0,0.025905697,0.00073798135,149151150.0,1613330.0
7358.0,0.020775594,5.9384183e-06,128075620.0,758761.0
7950.0,0.02459128,0.0007025208,142205840.0,1581209.0
8760.0,0.027678028,0.0008381197,157541600.0,1939925.0
10242.0,0.03405036,0.0014059129,186231520.0,2720969.0
10439.0,0.03311716,0.0009351003,186726640.0,2098574.0
10721.0,0.033702057,0.000931841,191552270.0,2108540.0
11065.0,0.034759294,0.0010417245,198269890.0,2311015.0
11147.0,0.03433221,0.0008950843,198393970.0,2180984.0
10909.0,0.03299779,0.00075666176,193113220.0,1994367.0
11822.0,0.037724975,0.0014540933,212853330.0,2951083.0
12175.0,0.03851368,0.0013527822,218186620.0,2800841.0
12966.0,0.041470498,0.0016250864,233616530.0,3221385.0
12167.0,0.03647717,0.0008405151,214370940.0,2253758.0
11386.0,0.0333169,0.0006393137,199618770.0,1889722.0
10379.0,0.02948476,0.0004870835,180912850.0,1591561.0
10445.0,0.031439334,0.0010188222,185497600.0,2198437.0
9180.0,0.025795262,0.00032969652,159587060.0,1329621.0
8899.0,0.025699833,0.00046315836,156460720.0,1411688.0
9062.0,0.02750291,0.0007756028,161229000.0,1823194.0
8478.0,0.025130969,0.00055978814,149385890.0,1403259.0
8515.0,0.025848418,0.0007610432,151336540.0,1635248.0
8596.0,0.026089113,0.00063161104,152746190.0,1595942.0
8309.0,0.0246984,0.00050608284,146971140.0,1412618.0
8319.0,0.024892496,0.00043201252,147347800.0,1365819.0
8195.0,0.024814522,0.0005929444,145354350.0,1421756.0
8572.0,0.026108736,0.0006342052,152631600.0,1664726.0
9778.0,0.031357694,0.0011173601,176138460.0,2398756.0
9510.0,0.029153202,0.0005852407,168429330.0,1703171.0
8808.0,0.025558097,0.00028909504,154163170.0,1315420.0
8428.0,0.02434686,0.00035218633,147808690.0,1302823.0
8720.0,0.026559057,0.0007499493,155402820.0,1875321.0
8952.0,0.027590822,0.00073159917,159404910.0,1802263.0
8080.0,0.023369787,0.00013189726,141268200.0,957380.0
7865.0,0.022957787,0.0002683431,138351300.0,1088360.0
7962.0,0.023897553,0.0004626735,140977520.0,1319469.0
8475.0,0.026690608,0.0008521167,151991900.0,1731552.0
8015.0,0.023561144,0.00020689076,141273180.0,1028130.0
8255.0,0.025451446,0.00058577704,148454820.0,1538406.0
9366.0,0.030217,0.0011394939,169749660.0,2359826.0
8776.0,0.026423847,0.0003845363,155134220.0,1399652.0
8602.0,0.025649784,0.00038777327,151774800.0,1349916.0
8641.0,0.026575847,0.0007954708,154049700.0,1703865.0
8171.0,0.024057636,0.00042919218,143964420.0,1265938.0
8288.0,0.025164256,0.00071764423,147460860.0,1566954.0
8264.0,0.024875699,0.0005621536,146533650.0,1443598.0
8707.0,0.027177146,0.0007354102,155816030.0,1710907.0
10228.0,0.033854946,0.0013684058,186118830.0,2678377.0
10222.0,0.031904552,0.0006919871,181982370.0,1816288.0
9776.0,0.02962407,0.0006196753,172819900.0,1590537.0
9661.0,0.029188063,0.00070303166,171176430.0,1681320.0
8628.0,0.02468979,0.00024159336,150731490.0,1056276.0
9714.0,0.030682815,0.0012006642,174700260.0,2377418.0
9847.0,0.030476706,0.0009279372,175646780.0,2060920.0
10264.0,0.031956527,0.000980263,183459540.0,2156794.0
9962.0,0.030269196,0.0007137799,176573360.0,1784283.0
9530.0,0.02803318,0.00046079,167334050.0,1462886.0
8371.0,0.023234563,0.00016716639,145278530.0,993569.0
7648.0,0.021019148,5.358479e-06,132492920.0,706369.0
7371.0,0.02131587,0.00039849002,129578340.0,1042062.0
7959.0,0.024679216,0.0008433437,142650540.0,1650342.0
7599.0,0.022653176,0.00034278943,133909520.0,1017762.0
8175.0,0.025778966,0.0007776397,146930270.0,1648935.0
7905.0,0.023438446,0.00028217453,139421920.0,1031981.0
8062.0,0.02423616,0.00033879976,142621360.0,1165228.0
9007.0,0.029064205,0.0010276956,162899420.0,2079990.0
9040.0,0.027687166,0.00058612257,160539040.0,1643975.0
8682.0,0.026327152,0.0005207316,153720110.0,1438229.0
7815.0,0.022358319,0.0001801025,136395620.0,861835.0
7442.0,0.021416655,0.00032993653,130856440.0,1111482.0
6918.0,0.019696796,0.00017082032,120839010.0,833382.0
7502.0,0.023406327,0.00071264897,134958660.0,1544754.0
7435.0,0.022719922,0.00042572446,132091120.0,1186738.0
7229.0,0.021455735,0.00018828239,127690376.0,878205.0
8022.0,0.025767125,0.00087705307,145182260.0,1780296.0
8492.0,0.026972149,0.000767013,152681100.0,1746903.0
8761.0,0.027231531,0.0005746882,156028430.0,1488320.0
8939.0,0.027917596,0.00078833074,160025330.0,1805890.0
8803.0,0.027146112,0.00074443704,157204770.0,1656088.0
8855.0,0.027278705,0.0007209457,158293400.0,1704853.0
9624.0,0.03052427,0.0011427155,173342640.0,2296259.0
9088.0,0.026924506,0.00038548096,159576420.0,1359881.0
9057.0,0.02746876,0.0006932009,160578130.0,1614317.0
8871.0,0.026357578,0.00056189956,156659150.0,1473904.0
8818.0,0.026387215,0.00058833434,156246530.0,1592335.0
8060.0,0.023452066,0.00033737216,141116160.0,1130839.0
8476.0,0.025954666,0.0007753266,151641820.0,1742623.0
9087.0,0.029011494,0.0010460058,163864670.0,2123227.0
9713.0,0.030966952,0.0010682972,174733840.0,2164292.0
11690.0,0.039828278,0.0019773175,214594200.0,3604640.0
9801.0,0.028438397,4.2970827e-05,170583020.0,1014437.0
10119.0,0.03120811,0.0010475303,180939740.0,2256292.0
9164.0,0.026242947,0.00044122516,160580530.0,1438784.0
10329.0,0.032751992,0.0013813676,186483310.0,2786796.0
9619.0,0.028793598,0.0007480272,169829760.0,1888155.0
9303.0,0.027593488,0.0006231841,163921250.0,1685929.0
9535.0,0.029437875,0.0010282877,170184370.0,2160292.0
9599.0,0.029427055,0.0009375972,171031820.0,2035283.0
9596.0,0.029196842,0.0007931095,170142100.0,1861840.0
9649.0,0.02949937,0.00075436314,171184640.0,1819810.0
10421.0,0.033205964,0.0012020684,187670000.0,2421792.0
10186.0,0.030959658,0.000752772,180722660.0,1851443.0
9990.0,0.02987034,0.00064473925,176840290.0,1848553.0
10364.0,0.03214622,0.0009931362,184698350.0,2261180.0
8932.0,0.025132328,0.0002226621,155060180.0,1126214.0
8817.0,0.026163852,0.0006210475,155837550.0,1567652.0
9037.0,0.027240695,0.0007382889,160825010.0,1808884.0
9949.0,0.031982053,0.0012804525,179298580.0,2578304.0
8703.0,0.024863644,0.00016080003,151720510.0,1045557.0
8480.0,0.024645004,0.00041635457,149191780.0,1445390.0
9026.0,0.02814073,0.0009992168,162068240.0,2150705.0
9793.0,0.031433973,0.001207126,176569400.0,2511976.0
9625.0,0.029906865,0.0007618813,170831090.0,1759413.0
9979.0,0.031209223,0.0009789137,178704340.0,2134138.0
9530.0,0.028287768,0.00046212168,167868450.0,1522504.0
10251.0,0.032528363,0.0012517228,184987200.0,2548628.0
9428.0,0.027617464,0.00035911714,165224380.0,1368762.0
8948.0,0.02583151,0.00031993096,156692080.0,1243303.0
8775.0,0.025913801,0.00056052645,154952080.0,1493702.0
9190.0,0.02834855,0.0008858808,164165170.0,1948913.0
8170.0,0.023140142,6.645898e-05,141592300.0,797982.0
9338.0,0.030150037,0.001369096,169493600.0,2574302.0
8950.0,0.027221644,0.0006817782,158407680.0,1629423.0
8099.0,0.023165451,0.00014381667,141304420.0,1003998.0
7517.0,0.021694224,0.00029913953,132122930.0,1063260.0
7056.0,0.020467937,0.00030616584,124287910.0,1028399.0
6480.0,0.01837823,0.00011145239,113474500.0,751535.0
6713.0,0.020590056,0.00063335936,120247850.0,1311027.0
7363.0,0.023118185,0.00067346764,132075560.0,1487592.0
7396.0,0.0227542,0.00047100513,131713144.0,1247552.0
7772.0,0.024330596,0.0005764318,139143260.0,1468298.0
8396.0,0.026956873,0.00078737526,151375340.0,1723396.0
7943.0,0.023574373,0.00019835732,139875340.0,962479.0
8599.0,0.02714958,0.00083117775,154495870.0,1810144.0
9440.0,0.030517258,0.0011232233,170427140.0,2161612.0
9541.0,0.029813858,0.0008223555,170347150.0,1872906.0
10368.0,0.033300415,0.0012691005,186920180.0,2501791.0
9674.0,0.02901913,0.0005404304,170497820.0,1499942.0
10764.0,0.034522064,0.0014482028,194230130.0,2755362.0
10438.0,0.031635173,0.00070401636,184842340.0,1879836.0
9237.0,0.026492711,0.0004260376,161602000.0,1394132.0
9735.0,0.030092862,0.0010944768,174260820.0,2289635.0
9117.0,0.026807604,0.00046312207,160393920.0,1437715.0
8904.0,0.026596062,0.00058108795,157356080.0,1520328.0
10604.0,0.034745745,0.0015818574,192930620.0,2886526.0
9783.0,0.028999066,0.00041806427,171700820.0,1474000.0
10715.0,0.03412473,0.0013660204,192813420.0,2698004.0
9587.0,0.027472809,0.00019268962,166742620.0,1144071.0
10301.0,0.032421842,0.0013253072,185120700.0,2585013.0
10927.0,0.03458062,0.0013761914,195823970.0,2706610.0
10538.0,0.032190353,0.0008981531,186985740.0,2132191.0
10552.0,0.032456756,0.0010160035,188118460.0,2169319.0
9750.0,0.028637616,0.00056259753,171595940.0,1646261.0
9479.0,0.027879508,0.0006067029,167504420.0,1689669.0
9649.0,0.029523017,0.0008643454,172006910.0,2014432.0
9158.0,0.02693533,0.0005135984,161548430.0,1533313.0
9160.0,0.027771646,0.0006607147,162544050.0,1688730.0
8607.0,0.025451152,0.00054153206,151803400.0,1432226.0
8771.0,0.026815953,0.0007759131,156385580.0,1769938.0
9258.0,0.028982893,0.0009083682,166099730.0,1990256.0
8241.0,0.023863446,0.00021643493,144152050.0,1031266.0
8079.0,0.024124637,0.0005431634,143086050.0,1436219.0
8380.0,0.025784861,0.0007558628,149926700.0,1753288.0
8297.0,0.025331277,0.00051613926,147234530.0,1340925.0
8783.0,0.027126614,0.00076859235,156778000.0,1720326.0
8866.0,0.02726351,0.00073891494,157707780.0,1644966.0
8642.0,0.025987439,0.0005018528,152764180.0,1462076.0
8542.0,0.02584472,0.0005733395,151570900.0,1531566.0
8502.0,0.025685275,0.00053295726,150833890.0,1478731.0
8757.0,0.02701728,0.00086258835,156701390.0,1858998.0
7833.0,0.022085236,9.123306e-05,135940000.0,880591.0
8052.0,0.024373172,0.0006828578,143682060.0,1608802.0
8418.0,0.025903033,0.00073636405,150428000.0,1810263.0
9331.0,0.02979097,0.00093930616,167712270.0,2137882.0
10084.0,0.032680992,0.0012516257,182034320.0,2524807.0
9771.0,0.029769007,0.00062140345,172880960.0,1776872.0
9598.0,0.029043248,0.00063157495,169594060.0,1690622.0
8956.0,0.026150193,0.0004884927,157648980.0,1511847.0
7846.0,0.021907395,8.63512e-05,135868940.0,850670.0
8432.0,0.025785528,0.0008021265,150892930.0,1737152.0
8478.0,0.026103733,0.00076841144,151154420.0,1728867.0
8269.0,0.024733162,0.0004274096,146010880.0,1270060.0
7791.0,0.022616621,0.0002344093,136826160.0,1033515.0
7932.0,0.024262274,0.0006459645,141052850.0,1447583.0
8872.0,0.028183827,0.001037028,159613710.0,2079865.0
10251.0,0.033551913,0.0013290042,185654320.0,2672602.0
10265.0,0.032420505,0.0009599737,183477870.0,2187925.0
11213.0,0.036250867,0.0013915387,202771220.0,2811996.0
11506.0,0.036289454,0.001215569,206234600.0,2704045.0
10887.0,0.032769978,0.00078686484,192412080.0,2134255.0
10006.0,0.02898641,0.00061086303,175470540.0,1808168.0
9314.0,0.026951194,0.00047661716,163068530.0,1541964.0
10048.0,0.031804625,0.0013763395,181029970.0,2633878.0
10329.0,0.03238434,0.0011459328,184897550.0,2325687.0
9906.0,0.029957823,0.0007658684,175116820.0,1792904.0
10401.0,0.032384444,0.0010905307,185775940.0,2298810.0
11300.0,0.03617099,0.0013538075,203400300.0,2789046.0
11698.0,0.037403397,0.0014639694,210604300.0,2881887.0
12331.0,0.03907453,0.001332825,221208350.0,2887785.0
12497.0,0.039210122,0.0013848615,223420720.0,2963510.0
12018.0,0.03638616,0.0010563408,212075820.0,2438531.0
11362.0,0.03404969,0.0009905738,200485400.0,2290760.0
10774.0,0.03156671,0.0006448423,189403330.0,1804459.0
10719.0,0.032072656,0.0008208269,189766910.0,2038001.0
10415.0,0.031122802,0.0007111869,184260640.0,1858877.0
10525.0,0.032048013,0.0008544449,187209400.0,2017995.0
9946.0,0.029700162,0.0005704651,175858160.0,1627345.0
10026.0,0.030272184,0.00072685536,177848240.0,1779303.0
9288.0,0.02732064,0.00044182647,163339330.0,1308035.0
9244.0,0.027633797,0.0006490858,164258200.0,1686730.0
9919.0,0.031274945,0.0011526628,177960290.0,2337660.0
10170.0,0.031803045,0.0009977242,181836130.0,2104665.0
10117.0,0.031143866,0.0008735918,179848340.0,1977291.0
11153.0,0.035745468,0.0014317054,201074620.0,2869300.0
10487.0,0.03131415,0.0006556958,184788370.0,1826913.0
10255.0,0.030691069,0.00078651845,181653470.0,2026219.0
9254.0,0.026211984,0.00025006532,160793740.0,1290438.0
8986.0,0.025950026,0.00044980727,157991330.0,1538635.0
7997.0,0.022375636,0.00018756035,139109500.0,1056578.0
7707.0,0.021909503,0.00022182535,134517310.0,1016292.0
7355.0,0.021121582,0.0002792789,129167690.0,1145065.0
7881.0,0.02437977,0.00068462343,140804030.0,1568084.0
9885.0,0.033634175,0.0017425006,181614830.0,3071550.0
10835.0,0.035912003,0.001501684,196488620.0,2903626.0
11150.0,0.035468306,0.000992965,199062560.0,2331827.0
10730.0,0.032454476,0.000648855,189399730.0,1746385.0
10402.0,0.031188903,0.0007348798,183833230.0,1841256.0
11150.0,0.034829706,0.0012036056,199682400.0,2530515.0
11084.0,0.033737786,0.00084252417,196553300.0,2119661.0
11255.0,0.034681264,0.0010459117,200747490.0,2497698.0
10373.0,0.030358898,0.00055801426,181878500.0,1788097.0
10422.0,0.031692427,0.0010129827,184792780.0,2290289.0
10316.0,0.031238258,0.0009367329,182643180.0,2169985.0
10632.0,0.032917686,0.0010177778,189677760.0,2261271.0
11187.0,0.035439078,0.0012758574,200876540.0,2638982.0
9856.0,0.02848633,0.00033909982,171947300.0,1315124.0
9203.0,0.026580425,0.0005013207,161414990.0,1440709.0
9055.0,0.026928833,0.0007276929,160116020.0,1635820.0
9002.0,0.027039666,0.0007562268,159450900.0,1699202.0
9350.0,0.028680246,0.00088174763,166991250.0,1941976.0
9972.0,0.03162207,0.0011789752,179012670.0,2398130.0
8575.0,0.024312923,8.5148065e-05,149001460.0,948664.0
7216.0,0.018814363,0.0,123530230.0,481688.0
6589.0,0.018116303,0.0,113860030.0,628972.0
6899.0,0.021002268,0.0006011125,123081160.0,1284950.0
6806.0,0.02035384,0.00035034143,120726376.0,1010569.0
7453.0,0.023456119,0.0007711172,134023810.0,1549453.0
8016.0,0.025139194,0.0006228934,143183570.0,1435901.0
8110.0,0.024971742,0.0005825253,144356030.0,1409742.0
7425.0,0.021331446,0.0,129153380.0,623283.0
6852.0,0.019244937,0.0,119014584.0,435296.0
6809.0,0.020286072,0.0004669696,120835016.0,1085701.0
7244.0,0.022074975,0.00067165954,129352450.0,1438982.0
6704.0,0.019262172,0.00014067854,117211710.0,791609.0
8274.0,0.027385948,0.0012025161,150906820.0,2288374.0
8917.0,0.028871296,0.0009515906,160878990.0,2054119.0
8634.0,0.026952628,0.0006189835,154819180.0,1593528.0
8649.0,0.025906822,0.00033233556,153171360.0,1277824.0
7562.0,0.021243008,4.4021555e-05,131672360.0,779502.0
7258.0,0.021087613,0.00028621647,128025384.0,1091394.0
7010.0,0.020272393,0.00026916162,122935490.0,934976.0
8051.0,0.025556253,0.0008470425,144995730.0,1786308.0
7681.0,0.022738937,0.00017784315,135794080.0,1046001.0
6545.0,0.0180006,0.0,113452760.0,551555.0
6774.0,0.02048337,0.0005323529,120653736.0,1172863.0
6828.0,0.02042078,0.00044064614,121271770.0,1155210.0
6296.0,0.018072316,0.00016804598,109844860.0,804385.0
5877.0,0.016597588,7.086483e-06,102961820.0,672850.0
5279.0,0.014619913,0.0,91847304.0,465671.0
4897.0,0.013660208,0.0,85467650.0,322649.0
4611.0,0.013431557,0.0,81420300.0,439582.0
5391.0,0.017256787,0.00034975584,97562400.0,898830.0
5876.0,0.018698812,0.0004125914,106036300.0,914780.0
7059.0,0.023506591,0.0009230032,129261030.0,1737646.0
6751.0,0.02054713,7.732816e-05,119558770.0,769792.0
6618.0,0.019411925,0.00013211464,116428870.0,830511.0
5894.0,0.01666908,0.0,102622120.0,431182.0
6614.0,0.02090928,0.00063050876,119063096.0,1268592.0
6352.0,0.019350328,0.00034603412,112972220.0,861819.0
6394.0,0.018880107,0.00022122278,112936990.0,819518.0
6283.0,0.01910788,0.00042184908,112130320.0,1061055.0
6163.0,0.018096572,0.00016413933,108714184.0,727711.0
7334.0,0.023881841,0.0010121377,133914310.0,1946633.0
6119.0,0.017313244,0.0,105848760.0,483339.0
5234.0,0.014317485,0.0,90507480.0,317694.0
6056.0,0.019226847,0.00056824455,109771120.0,1171852.0
6107.0,0.018638838,0.0003603266,109122390.0,928743.0
6251.0,0.018992383,0.0002675778,111670950.0,947214.0
6866.0,0.02178884,0.0006228536,123844770.0,1497390.0
5947.0,0.017189963,1.4649568e-05,103632936.0,576447.0
6878.0,0.022277541,0.00089443376,125061870.0,1669847.0
6300.0,0.018888423,0.0002600256,111094880.0,808343.0
5154.0,0.013368084,0.0,88322150.0,51803.0
4477.0,0.011928553,0.0,78342910.0,242770.0
3764.0,0.010052411,0.0,65561492.0,156994.0
3977.0,0.012074467,0.00019508792,72028090.0,675244.0
5265.0,0.017613804,0.0005539849,96503310.0,1244683.0
5431.0,0.017449908,0.00044068747,97886430.0,966262.0
5753.0,0.018118057,0.0003897441,103156504.0,931974.0
6199.0,0.019441575,0.00031538963,110708750.0,861423.0
4975.0,0.013721343,0.0,85720160.0,30955.0
4333.0,0.011709735,0.0,75521000.0,73682.0
4939.0,0.015522378,0.00041188637,89888456.0,939119.0
5058.0,0.015690185,0.00023303278,90607910.0,633658.0
5321.0,0.01676386,0.000360047,95910584.0,785238.0
8005.0,0.028085276,0.00130211,148345010.0,2304098.0
7090.0,0.021550694,0.00013754723,125270140.0,831187.0
6170.0,0.017512532,0.0,107344070.0,475742.0
5416.0,0.014989853,4.4863136e-05,94575760.0,497490.0
4687.0,0.012488612,0.0,81361580.0,292415.0
3887.0,0.010700263,0.0,67908260.0,80095.0
3608.0,0.009899202,0.0,63782984.0,149688.0
3491.0,0.009935796,0.0,61402136.0,60228.0
3980.0,0.012622009,0.0002512911,71778480.0,473080.0
3681.0,0.010772933,0.0,65232324.0,171885.0
3256.0,0.008532109,0.0,56721820.0,0.0
3581.0,0.011351601,9.1520655e-05,65238090.0,536255.0
3229.0,0.009081781,0.0,56742560.0,76344.0
3170.0,0.008917533,0.0,56247172.0,182249.0
2717.0,0.007951749,0.0,48077490.0,86222.0
2251.0,0.0056953775,0.0,39042820.0,0.0
2160.0,0.0061286604,0.0,38782490.0,13301.0
1859.0,0.005227418,0.0,34423532.0,161775.0
1799.0,0.0058300416,0.0,33624244.0,101763.0
2291.0,0.008241194,0.0001026053,43294610.0,291890.0
2539.0,0.0092296135,0.0003891566,48892812.0,619256.0
2910.0,0.010491906,0.00027301378,54605812.0,430529.0
2636.0,0.008229032,0.0,48267264.0,50236.0
2227.0,0.0060446146,0.0,39707988.0,0.0
2688.0,0.008979247,6.0836126e-05,49537460.0,269438.0
2608.0,0.0075535798,0.0,46082628.0,0.0
2410.0,0.0069029722,0.0,42687336.0,0.0
2636.0,0.007941408,8.347788e-05,48453944.0,362649.0
2565.0,0.008130063,5.0491566e-05,46817864.0,142322.0
2112.0,0.0050263014,0.0,36413816.0,0.0
2247.0,0.0059877,0.0,40513308.0,95553.0
2791.0,0.009543291,0.0003223863,52062316.0,818647.0
2382.0,0.008068015,0.0,42848164.0,2510.0
2938.0,0.009403833,8.252074e-05,53060536.0,170463.0
2295.0,0.0061939904,0.0,39487664.0,0.0
1739.0,0.0044926987,0.0,30781944.0,0.0
2335.0,0.007953561,2.7244003e-05,44445320.0,147535.0
2846.0,0.010108299,0.00035362117,54223984.0,539976.0
2551.0,0.007980191,2.5353107e-05,46408230.0,156581.0
2680.0,0.007832994,0.0,48553376.0,24160.0
2614.0,0.007949674,0.0,47397936.0,146809.0
3298.0,0.010767776,0.00019090995,60243816.0,471117.0
2795.0,0.00808062,0.0,50149524.0,28917.0
2859.0,0.008188434,0.0,50437760.0,129811.0
2855.0,0.007999005,0.0,49338510.0,0.0
2789.0,0.00891445,0.00016787578,51034644.0,372943.0
2626.0,0.007178765,0.0,45948010.0,0.0
3097.0,0.009995975,0.00020090079,56910780.0,479507.0
4393.0,0.01501012,0.00044462775,81255430.0,1002022.0
4074.0,0.012331538,0.0,71912330.0,233048.0
4107.0,0.0130264675,0.00018213308,74311110.0,577453.0
4170.0,0.01287937,4.405999e-05,74669384.0,362808.0
3707.0,0.010195432,0.0,64760656.0,65718.0
3834.0,0.011200776,0.0,67563460.0,192605.0
3213.0,0.009298447,0.0,56255840.0,0.0
2569.0,0.0063806726,0.0,44930570.0,0.0
1896.0,0.004897674,0.0,33988080.0,0.0
2070.0,0.005585396,0.0,37439496.0,0.0
1990.0,0.005978362,0.0,36467108.0,0.0
2034.0,0.006176691,0.0,36079276.0,0.0
2068.0,0.0072473604,0.0,38186556.0,0.0
1803.0,0.0049484083,0.0,33040838.0,0.0
1906.0,0.005137148,0.0,34446850.0,0.0
1923.0,0.0066648372,0.0,35418824.0,86777.0
2136.0,0.0076053464,9.2842136e-05,40116812.0,225159.0
1815.0,0.0057259197,0.0,32690662.0,0.0
1704.0,0.0067328494,0.00011821811,33036526.0,0.0
1528.0,0.0041882163,0.0,27965494.0,0.0
1368.0,0.004284112,0.0,25344670.0,0.0
1213.0,0.0034959342,0.0,22777466.0,0.0
1154.0,0.0023727007,0.0,21637120.0,0.0
1363.0,0.0066873706,0.00041503023,28527836.0,403493.0
1430.0,0.0042382427,0.0,26457084.0,0.0
1602.0,0.0051843408,0.0,30041996.0,0.0
1212.0,0.0026567958,0.0,21410114.0,0.0
878.0,0.0013891668,0.0,15649260.0,0.0
1100.0,0.004746858,0.0,21354362.0,65231.0
1331.0,0.005195273,5.3017142e-05,26197738.0,92940.0
1590.0,0.0059563546,0.000121011275,31557870.0,175674.0
1089.0,0.0019788742,0.0,18613698.0,0.0
1593.0,0.0059784725,0.0,29863020.0,44318.0
1987.0,0.006795076,0.0,37312856.0,91986.0
1660.0,0.004581209,0.0,29930284.0,0.0
2414.0,0.008510081,0.00019969486,45479570.0,451212.0
1921.0,0.005731961,0.0,34206104.0,0.0
1778.0,0.0058028973,0.0,32987552.0,0.0
1607.0,0.0048994957,0.0,30092448.0,0.0
1862.0,0.005883163,0.0,34960870.0,0.0
1255.0,0.0018029863,0.0,21136252.0,0.0
877.0,0.0012724425,0.0,14761071.0,0.0
628.0,0.0007100766,0.0,10375836.0,0.0
751.0,0.0030864342,0.0,14057982.0,28712.0
981.0,0.00530634,0.00021220851,20071894.0,19114.0
1428.0,0.0056323977,8.15312e-05,28407896.0,0.0
1079.0,0.0018609309,0.0,19486114.0,0.0
1111.0,0.00426617,0.0,22012704.0,28907.0
911.0,0.0029464706,0.0,17353788.0,0.0
1218.0,0.004940138,2.2002338e-05,25314028.0,80726.0
1845.0,0.006380363,0.00017141252,35048050.0,114613.0
1632.0,0.0045381906,0.0,28140188.0,0.0
1646.0,0.005446492,0.0,30861700.0,58471.0
1994.0,0.0065835123,0.0,37003776.0,0.0
1333.0,0.0029351295,0.0,23926552.0,0.0
1035.0,0.001318435,0.0,17013434.0,0.0
808.0,0.0036887515,0.0,15626129.0,0.0
1143.0,0.003803406,0.0,21151338.0,0.0
1226.0,0.004562597,0.0,23596836.0,0.0
1042.0,0.0016964736,0.0,17449042.0,0.0
920.0,0.003991374,0.0,18391238.0,0.0
1087.0,0.0041016573,0.0,21101694.0,0.0
732.0,0.0005754741,0.0,13136105.0,0.0
915.0,0.0035097725,0.0,18828026.0,65498.0
1401.0,0.006037624,0.00028335355,27970940.0,214466.0
1260.0,0.0047601373,0.0,23715348.0,0.0
1321.0,0.0041521303,0.0,24136082.0,0.0
993.0,0.0016052289,0.0,17680424.0,0.0
981.0,0.0032232462,0.0,18682252.0,0.0
1665.0,0.006555863,2.2397362e-06,32767098.0,239060.0
1640.0,0.005828096,0.0,30738948.0,0.0
1407.0,0.0038097047,0.0,24730632.0,0.0
1188.0,0.004285611,0.0,22588788.0,0.0
1315.0,0.005052953,0.0,26163858.0,0.0
1181.0,0.0036509894,0.0,22001752.0,0.0
1275.0,0.0050140005,0.0,25619564.0,0.0
1162.0,0.0033636037,0.0,22831820.0,0.0
1178.0,0.003952363,0.0,21759496.0,0.0
1247.0,0.0067486665,0.0002779039,25477498.0,0.0
1342.0,0.0056491313,3.0160587e-05,27023508.0,0.0
1517.0,0.005605729,0.0,30180712.0,0.0
1414.0,0.0074306945,0.00035654788,30305838.0,0.0
1189.0,0.0027879865,0.0,22985376.0,0.0
2096.0,0.0071821557,0.00013870836,42090130.0,38662.0
1955.0,0.005284452,0.0,35498600.0,0.0
1988.0,0.005993216,0.0,35895824.0,0.0
2934.0,0.010221111,0.00022947496,54870356.0,581960.0
2724.0,0.008366248,0.0,48136576.0,0.0
1868.0,0.0035620495,0.0,30856114.0,0.0
3077.0,0.010614311,0.00013795221,56917332.0,592490.0
2667.0,0.008210714,7.213675e-05,48582070.0,194521.0
2222.0,0.0065057594,0.0,38596428.0,0.0
1776.0,0.0051771426,0.0,31717100.0,0.0
1715.0,0.0068799993,0.00043223385,34173960.0,21639.0
1759.0,0.0063802884,0.00016095075,34268400.0,0.0
1613.0,0.006116902,0.00012148743,30798702.0,0.0
1557.0,0.007331582,0.00040135108,31869460.0,0.0
1750.0,0.005826934,9.3922354e-05,35187800.0,0.0
1668.0,0.0050875987,0.0,32330882.0,0.0
1634.0,0.004841267,0.0,30860898.0,0.0
1950.0,0.0065746875,7.122337e-05,38282670.0,116795.0
1542.0,0.0033089228,0.0,26887826.0,0.0
1785.0,0.0057799923,0.0,32373360.0,0.0
1748.0,0.0058568874,0.0,32327918.0,0.0
1674.0,0.004977017,0.0,30287920.0,0.0
2228.0,0.007926869,0.0,41240524.0,0.0
2144.0,0.007420608,0.0,39156464.0,0.0
1640.0,0.0034969316,0.0,27834816.0,0.0
1507.0,0.0047798688,0.0,26971486.0,0.0
1690.0,0.0051822597,5.6530884e-05,32101980.0,0.0
2321.0,0.007730202,0.000581493,45893380.0,458591.0
2130.0,0.005472423,0.0,37138880.0,0.0
2131.0,0.0066915033,0.0,37714150.0,10478.0
2623.0,0.00827433,0.0,47598904.0,90953.0
3828.0,0.013827139,0.0005859759,72190790.0,975097.0
2787.0,0.008187568,0.0,48705692.0,0.0
2752.0,0.007816928,0.0,48138064.0,0.0
2455.0,0.007320726,0.0,44505530.0,0.0
3197.0,0.01077334,0.0003126757,59672828.0,431547.0
2396.0,0.006149062,0.0,40912132.0,0.0
2283.0,0.0057350784,0.0,40638810.0,0.0
2310.0,0.0060657538,0.0,40057910.0,0.0
2141.0,0.0062433253,0.0,38053800.0,0.0
1881.0,0.0060552913,0.0,34647372.0,4796.0
2367.0,0.007631386,6.993554e-05,44512960.0,284445.0
2668.0,0.008618195,0.00011538276,49641030.0,521513.0
2229.0,0.0064800754,0.0,38575350.0,0.0
1963.0,0.005532534,0.0,35192710.0,0.0
1598.0,0.004479947,0.0,28415830.0,0.0
1650.0,0.0059070257,0.0,31312432.0,0.0
1773.0,0.006002555,0.0,33836630.0,0.0
1600.0,0.0046042944,0.0,29135242.0,0.0
1591.0,0.0050870865,0.0,29697948.0,0.0
2025.0,0.007080768,2.6706077e-05,38543210.0,30772.0
3085.0,0.011153934,0.00032125556,58035330.0,592324.0
3453.0,0.011351521,0.00014943162,63127500.0,426292.0
3520.0,0.010987172,0.0,62978704.0,90075.0
3048.0,0.008286202,0.0,53058092.0,0.0
3188.0,0.0099671725,0.000102589496,58005516.0,354640.0
3129.0,0.009793165,0.0,55805588.0,23034.0
2613.0,0.0069610816,0.0,46680400.0,0.0
2539.0,0.0074806,0.0,45489070.0,0.0
2903.0,0.009118958,0.0,52451076.0,110731.0
2512.0,0.00632152,0.0,43475376.0,0.0
3381.0,0.011687103,0.00039673023,63743684.0,916301.0
3598.0,0.011265193,0.0,64645510.0,287946.0
3288.0,0.010013571,0.0,59153020.0,223621.0
2966.0,0.008345703,0.0,52099616.0,23350.0
3137.0,0.009849686,4.0743496e-05,56807348.0,296078.0
2344.0,0.00511667,0.0,39512988.0,0.0
2378.0,0.007078016,0.0,42957292.0,102583.0
2499.0,0.007644425,0.0,44775596.0,49291.0
2848.0,0.00954853,0.0001509835,52105244.0,256456.0
3665.0,0.012467152,0.00020997666,67509336.0,536470.0
3549.0,0.011408502,0.000110623616,64620436.0,325604.0
3284.0,0.010305248,6.4261105e-05,58324010.0,0.0
3294.0,0.009600842,0.0,58761060.0,0.0
2927.0,0.007948516,0.0,50838030.0,0.0
3194.0,0.0101635875,0.0,58707364.0,222721.0
4687.0,0.016472228,0.0005705015,87366410.0,993209.0
4722.0,0.014936005,0.0,84838310.0,298711.0
5310.0,0.017419484,0.0003374676,96856670.0,838498.0
5314.0,0.016725358,0.00024710773,95602216.0,740112.0
5158.0,0.015705315,0.00017384188,92366450.0,668044.0
4637.0,0.013030183,0.0,81560560.0,316318.0
4427.0,0.012677796,5.5581982e-05,78704700.0,580680.0
4997.0,0.015838098,0.00041864678,90466000.0,1015784.0
5570.0,0.01805203,0.00051155844,101059240.0,1134976.0
4980.0,0.014594257,0.0,87701920.0,447539.0
5603.0,0.017809654,0.00041473698,100998780.0,980759.0
4469.0,0.011914528,0.0,76179496.0,0.0
4473.0,0.012702917,0.0,79146440.0,335694.0
5174.0,0.016629146,0.00056197314,94631920.0,1123133.0
8309.0,0.04919897,0.008382279,199608240.0,11422866.0
8476.0,0.07227013,0.014247239,253316860.0,18985458.0
9036.0,0.0767145,0.013108342,267942380.0,17818952.0
8780.0,0.07663264,0.014331148,262791020.0,19634330.0
9065.0,0.082126394,0.016020114,275122560.0,22160984.0
7286.0,0.062930234,0.014128111,208601380.0,19842920.0
7284.0,0.06653947,0.014973627,216073700.0,20287298.0
7492.0,0.07349698,0.014876474,235612260.0,19845750.0
6579.0,0.05857932,0.01208396,190760980.0,16069810.0
5954.0,0.045834128,0.008841645,156682420.0,11696601.0
10239.0,0.14001095,0.02333497,406909300.0,31479428.0
11188.0,0.12345334,0.015269949,393450080.0,21228088.0
10743.0,0.103297256,0.011592078,350861000.0,16842344.0
9543.0,0.083209455,0.011438567,291498500.0,16711227.0
9541.0,0.071868084,0.01073238,267268080.0,15374447.0
8524.0,0.057302028,0.008795567,220156210.0,12735396.0
8269.0,0.05882725,0.009733067,219610600.0,13718432.0
8763.0,0.06289777,0.010908423,231756370.0,15064730.0
8371.0,0.06114565,0.011767544,219060220.0,15838499.0
9389.0,0.06494385,0.010429616,241890830.0,13950104.0
10518.0,0.07079627,0.012009908,261602670.0,16390823.0
10357.0,0.09213225,0.015656574,310352670.0,21492542.0
9847.0,0.075914904,0.012563569,267097170.0,17635760.0
9762.0,0.07218039,0.011523754,261151120.0,15987236.0
10103.0,0.0790705,0.012524599,283454980.0,17246656.0
12906.0,0.12788713,0.025197964,415929540.0,33970600.0
12596.0,0.124790944,0.02283231,403127970.0,30727198.0
11381.0,0.098304085,0.018756174,330958560.0,25488172.0
10682.0,0.08412655,0.0176279,292559740.0,23576376.0
8871.0,0.065153934,0.013275342,231313120.0,17702380.0
10127.0,0.07294681,0.01635225,259394160.0,21569930.0
8025.0,0.061457373,0.015502746,210168460.0,20191118.0
6427.0,0.055046313,0.017212784,173074380.0,22059424.0
7834.0,0.065223455,0.018701943,208966450.0,23831120.0
11725.0,0.12421089,0.027572982,381389000.0,35640600.0
9576.0,0.0821642,0.01625289,267045060.0,21713084.0
8586.0,0.074793875,0.018327666,242727410.0,24375308.0
7909.0,0.06630857,0.01880985,212333660.0,24811992.0
9123.0,0.07496064,0.018422892,250160020.0,23950872.0
8054.0,0.06284823,0.015981179,210546620.0,20916224.0
8604.0,0.074638315,0.017379884,247138990.0,22950122.0
7987.0,0.062201828,0.014037739,210082000.0,18553576.0
10203.0,0.08342406,0.018170347,279864300.0,24054934.0
10590.0,0.0841301,0.019738555,280418400.0,26050332.0
9649.0,0.07399117,0.01724776,249088200.0,22269336.0
8664.0,0.06666424,0.01432753,228556820.0,18423014.0
7442.0,0.058525357,0.01395177,197368620.0,17950838.0
7929.0,0.061719127,0.016488176,203477660.0,22053416.0
11690.0,0.089599386,0.016248534,314547200.0,21721182.0
16874.0,0.10560231,0.014726941,398987000.0,20353232.0
13922.0,0.08299338,0.010484434,326853800.0,14590943.0
11150.0,0.0649033,0.010429103,257741740.0,14095472.0
9588.0,0.059376437,0.010016184,231928290.0,13213306.0
8968.0,0.059869844,0.010270317,227657120.0,13620267.0
12780.0,0.09646385,0.015055391,352141500.0,19884846.0
16149.0,0.16788788,0.025648504,543209800.0,34046596.0
14803.0,0.14478283,0.02311293,472242880.0,31836170.0
12941.0,0.10795923,0.017052673,370938200.0,23892152.0
11115.0,0.07540489,0.013743557,278070100.0,19137004.0
9465.0,0.06148805,0.013520017,228876960.0,18095194.0
8260.0,0.055933837,0.012172324,204505120.0,16027297.0
8187.0,0.057983663,0.012468561,207656460.0,16201493.0
8799.0,0.064600155,0.01438629,225155410.0,18619492.0
7725.0,0.059529908,0.012937219,202691440.0,16769908.0
8699.0,0.06518455,0.012178093,228259660.0,15915980.0
8349.0,0.057947244,0.011225596,206452180.0,14663445.0
10520.0,0.1290527,0.054815024,341150370.0,73491976.0
10373.0,0.095698655,0.02589333,293845340.0,33862696.0
11049.0,0.10212508,0.021475598,333106340.0,28826822.0
12447.0,0.11101149,0.019438395,379508830.0,26685938.0
10625.0,0.082330875,0.014468798,292667140.0,20393410.0
12382.0,0.105886385,0.02121199,363324540.0,28897750.0
12500.0,0.105947025,0.02430674,354502720.0,33097600.0
13828.0,0.11630577,0.040426586,362404220.0,52798310.0
13803.0,0.13796598,0.046376053,401684480.0,61476696.0
12272.0,0.09760041,0.025423288,319959170.0,34420996.0
13261.0,0.10170112,0.02027649,356473570.0,27181484.0
14197.0,0.111587696,0.01924824,399195100.0,26214440.0
12800.0,0.091268465,0.020144047,323650430.0,28599032.0
12922.0,0.101833455,0.020444596,352976500.0,27888768.0
15431.0,0.15642487,0.027831048,497504030.0,37302050.0
12035.0,0.096132584,0.020013044,319560480.0,26942086.0
13164.0,0.12721553,0.042658664,376278620.0,58006870.0
11497.0,0.08343731,0.021144373,281940200.0,28253672.0
11972.0,0.10313576,0.031176804,327214140.0,42662020.0
9718.0,0.07229225,0.018249143,244300900.0,24436416.0
10144.0,0.07863091,0.017807733,271395780.0,23446360.0
8976.0,0.06979964,0.017383719,236359200.0,22930240.0
9552.0,0.06731703,0.014419292,237717020.0,18652756.0
8686.0,0.059681773,0.013235938,211918620.0,17077546.0
10962.0,0.078072846,0.014734867,278791360.0,19091764.0
11438.0,0.086985074,0.016618783,302123600.0,21800592.0
21878.0,0.21212052,0.04465295,664913540.0,59522304.0
22500.0,0.13765627,0.017153759,521815300.0,23569890.0
16671.0,0.101290554,0.016200818,393197860.0,22033004.0
14829.0,0.09632588,0.019639855,361452900.0,25995248.0
13757.0,0.093358025,0.02271515,335928830.0,29756450.0
12841.0,0.082095996,0.019826164,299493920.0,26261886.0
10251.0,0.067459986,0.016639618,242072580.0,21683712.0
10766.0,0.08375549,0.01912738,287337600.0,25400592.0
9854.0,0.075633615,0.017357277,258290320.0,23356936.0
9002.0,0.06398228,0.014586037,222643940.0,19374952.0
9313.0,0.06697602,0.013747005,235806200.0,18090744.0
11032.0,0.092298865,0.018316474,312827870.0,24037406.0
13676.0,0.12335953,0.020158468,414026100.0,27114540.0
16100.0,0.118624434,0.020982165,416834780.0,29155740.0
15765.0,0.13377331,0.0312802,434288540.0,42848996.0
16995.0,0.1158879,0.022129554,418977920.0,30119174.0
15666.0,0.102455676,0.018103061,382357980.0,24563988.0
15746.0,0.106278725,0.021867728,388182300.0,29298426.0
15316.0,0.101941764,0.021856183,371049200.0,28916450.0
15432.0,0.12960806,0.0309262,427272900.0,41425572.0
14557.0,0.11636017,0.02260354,393106400.0,30519632.0
12640.0,0.093252,0.018683178,325504860.0,25454840.0
11816.0,0.08114561,0.016419329,294678370.0,22022992.0
11822.0,0.09088203,0.021526977,312609060.0,28413890.0
13034.0,0.13629434,0.04690061,388229630.0,65443604.0
10954.0,0.085288115,0.021899711,276967700.0,29400602.0
10701.0,0.08790261,0.023214422,291227940.0,30573460.0
9698.0,0.07016138,0.017238498,242514240.0,22551908.0
11965.0,0.08106451,0.019057708,289619230.0,24824962.0
12842.0,0.0902121,0.020378567,317462080.0,26537430.0
10312.0,0.0709234,0.016935319,246873810.0,21803742.0
12595.0,0.096758336,0.019979576,334178240.0,26190432.0
11805.0,0.08159956,0.016378053,289466780.0,21604686.0
16152.0,0.14228138,0.025276454,494340860.0,34080540.0
14462.0,0.10421804,0.020217452,369267700.0,27555196.0
16585.0,0.12027963,0.028339459,415142460.0,37569052.0
13338.0,0.088736765,0.02101777,314942300.0,28020592.0
16325.0,0.1172514,0.026510391,409880400.0,35277810.0
14563.0,0.10101601,0.021229591,358869700.0,28547872.0
13711.0,0.10335592,0.023392754,355979140.0,31140348.0
12914.0,0.109600924,0.02159686,365381340.0,28900276.0
13241.0,0.10135243,0.02012815,352282660.0,26895476.0
13901.0,0.112341106,0.020679737,386158560.0,27779722.0
12988.0,0.103914775,0.020008652,355849150.0,26764178.0
14123.0,0.09953116,0.017024405,360932860.0,22792842.0
16951.0,0.15230471,0.026344826,519459360.0,34882116.0
15160.0,0.12104186,0.021094445,417745500.0,28573676.0
16890.0,0.15658404,0.03541743,507395300.0,47751364.0
16251.0,0.13717699,0.02911199,454255100.0,39237316.0
15949.0,0.12468316,0.022928081,432404500.0,30921428.0
13990.0,0.10463657,0.021381306,365867600.0,28723242.0
13576.0,0.10264847,0.020235118,358190080.0,27261736.0
13333.0,0.09828232,0.020244922,344084600.0,26969890.0
13155.0,0.104929104,0.017614635,362533440.0,23331342.0
12731.0,0.10019028,0.01677132,349124300.0,22450502.0
11884.0,0.10134347,0.024750063,327949820.0,34236790.0
13565.0,0.10848386,0.020033587,367517340.0,27278354.0
15817.0,0.12817119,0.022981724,436967550.0,31584312.0
15975.0,0.12459867,0.021854632,431316400.0,30186888.0
14929.0,0.119793884,0.020930046,416473920.0,29007312.0
16756.0,0.14294973,0.022966415,486264500.0,31395570.0
14703.0,0.12048292,0.023233792,406412830.0,31656698.0
12240.0,0.09461345,0.018871848,323611070.0,25263648.0
12129.0,0.10015789,0.021498641,333440030.0,28462462.0
12764.0,0.09845057,0.019473989,337724800.0,25860446.0
12088.0,0.0828379,0.017195756,294052000.0,22910070.0
12695.0,0.095014706,0.01970615,331269470.0,26084860.0
9850.0,0.069265746,0.016438456,239946180.0,21284212.0
11834.0,0.117563576,0.029324789,366117470.0,37660104.0
13275.0,0.12699302,0.027256502,403349920.0,35329864.0
15916.0,0.16017205,0.026235173,518384030.0,34907748.0
15258.0,0.13880014,0.02077083,469686900.0,28482854.0
14936.0,0.0987377,0.013594704,377903170.0,19088654.0
14580.0,0.100143276,0.017674917,373841180.0,24143680.0
16339.0,0.14030613,0.029370792,473884220.0,38742772.0
15887.0,0.15381081,0.04880624,465768930.0,63556120.0
12785.0,0.094186045,0.023515664,321891840.0,30834910.0
14220.0,0.10723407,0.023283275,373141540.0,31062782.0
16656.0,0.12256444,0.023327017,433792640.0,31377946.0
16444.0,0.1406332,0.03294229,458485500.0,44889268.0
17048.0,0.17698851,0.039891876,542571140.0,52363264.0
13659.0,0.10398447,0.019380962,356735420.0,25986328.0
13665.0,0.0934927,0.018486438,337965730.0,24714244.0
18081.0,0.18742615,0.03010952,594609100.0,40357856.0
17916.0,0.17406958,0.024998534,554469570.0,34293570.0
18611.0,0.16765232,0.026541667,547443000.0,36356676.0
17648.0,0.14558226,0.023606956,495690300.0,32445430.0
15600.0,0.1164683,0.020628328,409038200.0,28306742.0
15735.0,0.13962084,0.025433786,465560100.0,34007100.0
16468.0,0.14601626,0.025848055,487657570.0,34488500.0
17359.0,0.13964492,0.022941303,486255780.0,30782776.0
16665.0,0.15251517,0.030891893,494822140.0,40889588.0
15008.0,0.12695664,0.024017075,421126340.0,31759060.0
16448.0,0.12075333,0.025644269,419439460.0,33990730.0
20625.0,0.22508769,0.038405944,699050430.0,50591844.0
20312.0,0.1933743,0.027905524,624624830.0,37824188.0
18815.0,0.16254193,0.026673863,545270000.0,36259180.0
17330.0,0.16271317,0.040422875,508196960.0,55188012.0
16605.0,0.14174703,0.030839574,466900960.0,41479410.0
18174.0,0.16787113,0.03763124,534692700.0,49873116.0
17463.0,0.14756146,0.033958465,486107330.0,45110572.0
18149.0,0.17653586,0.046451204,544086700.0,62527012.0
17795.0,0.17346689,0.049194444,523803870.0,65736252.0
15835.0,0.13444616,0.036027927,432009600.0,47994024.0
14938.0,0.123335466,0.03140714,405618180.0,42167564.0
14170.0,0.11322558,0.027823888,378432930.0,37074440.0
13715.0,0.11006433,0.027127773,369191520.0,35563664.0
13845.0,0.11150084,0.024844151,375297700.0,32798280.0
15114.0,0.13843586,0.029497508,453393280.0,39489516.0
13802.0,0.117856085,0.02576188,387602940.0,34889732.0
13804.0,0.12542365,0.025123525,412492670.0,33901450.0
14924.0,0.12298865,0.02664217,411396600.0,36771980.0
19588.0,0.18758708,0.030641975,635767300.0,41817132.0
19150.0,0.16280356,0.026461203,564627840.0,37093024.0
16064.0,0.12799786,0.022834437,450760800.0,31925862.0
16319.0,0.12211207,0.020838862,442782080.0,28992500.0
15335.0,0.1136773,0.018162549,419460740.0,25022446.0
17105.0,0.12312104,0.01806468,459347500.0,25006516.0
13996.0,0.09666068,0.016351275,358011420.0,22766212.0
14550.0,0.088639945,0.011993203,348921700.0,17047250.0
13791.0,0.049892075,0.0017026315,258216050.0,3808322.0
11891.0,0.035034865,0.00062278594,210081010.0,2187865.0
11812.0,0.03538254,0.0012938452,210125000.0,2997318.0
11701.0,0.035402305,0.0012937868,207883660.0,2876136.0
11792.0,0.036994517,0.0015545682,211049150.0,3039368.0
11948.0,0.037524596,0.0014957312,214105680.0,2964966.0
12131.0,0.038246214,0.001537922,217122020.0,2993256.0
11910.0,0.03658842,0.0012042052,211511490.0,2528478.0
11942.0,0.0368102,0.0013025827,212904320.0,2773875.0
11351.0,0.033733085,0.0008540857,200356430.0,2230560.0
11179.0,0.033804763,0.0009980168,198171760.0,2330472.0
11465.0,0.0354027,0.0012009662,204723170.0,2590102.0
10767.0,0.032091416,0.00082869484,190299380.0,2142690.0
10075.0,0.029625922,0.0007703582,177325900.0,1912394.0
9998.0,0.029983457,0.0008818106,177415520.0,2091958.0
9446.0,0.027436012,0.0005197234,165719400.0,1535681.0
8417.0,0.023349293,7.304513e-05,145363680.0,945977.0
9409.0,0.029705087,0.0012612782,169381650.0,2399342.0
9207.0,0.028121285,0.00078079023,163878900.0,1880691.0
9562.0,0.029795045,0.00087951735,170752820.0,1968157.0
8506.0,0.024791503,0.00033026838,148857950.0,1070566.0
8253.0,0.024286514,0.0004678423,145823840.0,1346782.0
9018.0,0.028307807,0.00085669546,161950130.0,1931745.0
8465.0,0.025157811,0.0003525353,149193870.0,1266568.0
9565.0,0.030665293,0.0010470874,172650900.0,2213729.0
11006.0,0.036483478,0.0015946388,200276030.0,2987318.0
11620.0,0.037333988,0.0012195882,209149140.0,2628930.0
10428.0,0.030458296,0.00035068477,182338000.0,1440612.0
9597.0,0.027188981,0.00029212525,167654770.0,1381188.0
10348.0,0.03208673,0.0011203549,185143940.0,2446337.0
10130.0,0.030902158,0.0008686533,179853180.0,2070132.0
10371.0,0.032605447,0.0011539197,186127520.0,2438794.0
9917.0,0.02975707,0.0006484808,175161950.0,1697872.0
10121.0,0.031089662,0.0009812086,180553330.0,2227632.0
10071.0,0.030661384,0.00082678325,178691950.0,1974871.0
9672.0,0.028956534,0.0006668425,171000910.0,1750312.0
10318.0,0.032604843,0.0012750814,185819920.0,2515664.0
10004.0,0.03031048,0.00071618333,176871000.0,1811573.0
10054.0,0.030589886,0.00078137644,178228350.0,1843316.0
10092.0,0.03058089,0.0007660313,179262220.0,1888225.0
9944.0,0.029845046,0.0006155127,175822690.0,1672259.0
9401.0,0.027975747,0.000677132,166290080.0,1677778.0
9659.0,0.029549161,0.0009118892,172094560.0,1884610.0
9636.0,0.029010475,0.00067404384,170416640.0,1705618.0
9236.0,0.027251797,0.00055093644,162705620.0,1522748.0
8979.0,0.026517149,0.00053039734,158126830.0,1460907.0
9251.0,0.02837509,0.00089632353,165142290.0,1982271.0
8403.0,0.024094597,0.00024620284,146591760.0,1100992.0
8861.0,0.02685083,0.0006914365,158032500.0,1734695.0
9162.0,0.028667737,0.0009396828,164433860.0,2046563.0
8850.0,0.026452454,0.0004796982,156263950.0,1551218.0
9363.0,0.029655667,0.0010218995,168112620.0,2140976.0
9513.0,0.02930777,0.0006969384,169280700.0,1759642.0
8725.0,0.025393808,0.00027053873,153137550.0,1290110.0
8747.0,0.026558546,0.00071149925,155206740.0,1667390.0
8837.0,0.027127111,0.0008008798,157475470.0,1802134.0
9476.0,0.030060884,0.001196393,170804350.0,2379564.0
10163.0,0.032513786,0.0012419382,182920640.0,2490703.0
10094.0,0.031062307,0.00085442164,179221020.0,2056011.0
9713.0,0.028884817,0.00061999913,170955410.0,1692462.0
9945.0,0.030557776,0.00095104874,177489390.0,2178635.0
9795.0,0.029468521,0.00070149027,173460500.0,1887056.0
9391.0,0.028088424,0.00061236584,165690160.0,1732796.0
9582.0,0.029178092,0.0007530134,170468780.0,1911106.0
9507.0,0.02893404,0.00072453544,168685520.0,1783788.0
8955.0,0.02632645,0.0004128706,157135470.0,1322948.0
9699.0,0.030129015,0.0009940634,173543470.0,2177090.0
10660.0,0.034397826,0.0013228747,192473810.0,2649062.0
10881.0,0.03433895,0.0011029405,194492750.0,2413722.0
11203.0,0.035184447,0.0011775026,200492420.0,2525766.0
11610.0,0.03626543,0.0012109469,207601780.0,2635774.0
12017.0,0.03774428,0.0012787031,214766340.0,2747062.0
11433.0,0.0341218,0.0007062301,201603580.0,2034574.0
11859.0,0.036779627,0.0012415401,211816750.0,2663484.0
11878.0,0.036680743,0.0012067939,212037660.0,2690797.0
11214.0,0.03306865,0.0007027337,196425040.0,1976762.0
10703.0,0.03154821,0.00069833157,188602190.0,1892766.0
10558.0,0.031461295,0.0008374536,186771940.0,2045022.0
10460.0,0.0315403,0.0008620318,185074620.0,1982233.0
10017.0,0.029426733,0.00061122543,175977200.0,1621609.0
10114.0,0.030512856,0.00081901083,179496500.0,2020286.0
10508.0,0.03257488,0.0010346473,187295520.0,2219745.0
11289.0,0.03617992,0.0014357875,203453810.0,2813521.0
11079.0,0.03418722,0.001005005,196977730.0,2301300.0
11029.0,0.03368852,0.00096806925,195688000.0,2179500.0
11219.0,0.034857005,0.0011617256,200239280.0,2432112.0
11122.0,0.03391412,0.00097081426,197389500.0,2266312.0
11112.0,0.03390487,0.0009971105,197286000.0,2276052.0
11536.0,0.036041405,0.0013265606,206758620.0,2780042.0
10981.0,0.032960832,0.0008385366,193892320.0,2097154.0
10663.0,0.031949855,0.0009045919,188730670.0,2141455.0
10856.0,0.03330991,0.0011340736,193139600.0,2444901.0
10242.0,0.03052112,0.000737847,180651840.0,1854090.0
10569.0,0.032446016,0.0010973059,188701660.0,2363874.0
10564.0,0.032235987,0.0009400757,187663860.0,2195410.0
10193.0,0.030462671,0.00073640805,179770460.0,1817209.0
10056.0,0.03061905,0.0009467473,178401730.0,2076120.0
10025.0,0.030628689,0.00094584504,178314780.0,2138723.0
10227.0,0.031790163,0.0009932907,182613260.0,2158169.0
9705.0,0.028769717,0.00055131956,171310100.0,1525919.0
9263.0,0.02699428,0.00049377076,162616240.0,1448954.0
10363.0,0.03271252,0.0011421002,186346820.0,2419188.0
11379.0,0.036838204,0.0013982758,205583330.0,2810428.0
12115.0,0.039506923,0.0015090822,220057680.0,3067783.0
12394.0,0.03930829,0.001325937,222367260.0,2820890.0
11836.0,0.035478253,0.0007588472,208979790.0,2162301.0
11766.0,0.03560476,0.0010063485,208964140.0,2436490.0
12072.0,0.03766717,0.0013386387,216157150.0,2881713.0
12578.0,0.040174868,0.0016764628,226287260.0,3280745.0
12131.0,0.037102364,0.0012021726,215389060.0,2657227.0
11246.0,0.03314062,0.00077898713,197920460.0,2026573.0
11816.0,0.03629808,0.0012542645,210757020.0,2677845.0
11818.0,0.036270328,0.0011058417,210430420.0,2511151.0
11630.0,0.035585918,0.0011579866,206906620.0,2532406.0
11813.0,0.036265783,0.0011633023,210328060.0,2561321.0
11558.0,0.034810066,0.0008959778,204730400.0,2334376.0
10706.0,0.031500798,0.00070589833,187944830.0,1928736.0
10600.0,0.031918902,0.00091520237,187922160.0,2184718.0
10514.0,0.032200653,0.0010652499,186886030.0,2288696.0
10397.0,0.031714186,0.0010428138,184801570.0,2279022.0
10795.0,0.03388268,0.0013468617,193365230.0,2624905.0
9717.0,0.028554337,0.00057916844,170933550.0,1693474.0
8589.0,0.023830146,0.00013918614,148979260.0,1041875.0
8118.0,0.02326054,0.00039677366,142672180.0,1317628.0
8690.0,0.027190419,0.0010450598,156545440.0,2118211.0
8867.0,0.027060756,0.0007007247,157921970.0,1759078.0
9369.0,0.029508697,0.0009737877,167838610.0,2121474.0
10183.0,0.0325826,0.001140528,182816980.0,2368428.0
10358.0,0.032494735,0.0009294653,185211000.0,2104258.0
10096.0,0.030798154,0.00076938217,179242930.0,1900990.0
9071.0,0.026088469,0.00030336698,158249980.0,1221154.0
8685.0,0.02532565,0.0005130193,152580750.0,1362548.0
8694.0,0.02569023,0.00051122205,153663920.0,1397809.0
8766.0,0.026353154,0.00063535443,155464160.0,1603318.0
8823.0,0.027057273,0.00074474537,156912540.0,1666402.0
9407.0,0.029869743,0.0011684005,169069140.0,2286102.0
9438.0,0.029155038,0.00082231296,167870820.0,1761642.0
8774.0,0.025657382,0.00038198908,154723260.0,1324161.0
8652.0,0.02553981,0.00042382433,152815230.0,1428732.0
8016.0,0.02326187,0.00031172845,140741440.0,1193682.0
8622.0,0.02676587,0.0009603104,154616720.0,2050536.0
9507.0,0.030270409,0.0010876992,170912700.0,2279821.0
9874.0,0.031206122,0.0010601778,176814740.0,2285494.0
11060.0,0.036159493,0.0014854468,200091220.0,2969996.0
11261.0,0.035721198,0.0011798417,201525490.0,2559915.0
11098.0,0.034124773,0.00094981585,197138370.0,2245612.0
11892.0,0.06856523,0.01532778,276930370.0,21725918.0
9979.0,0.0339339,0.0022869364,178121630.0,4039653.0
8772.0,0.030371461,0.0027982383,163490640.0,4503181.0
8137.0,0.026794992,0.0017290955,149304260.0,2921232.0
7740.0,0.037093736,0.006538867,168282980.0,9184764.0
8912.0,0.058758806,0.009705409,230287790.0,13094388.0
7525.0,0.02848433,0.00095111533,144832740.0,1937727.0
7000.0,0.02351188,0.0006673292,130571100.0,1713810.0
6159.0,0.017998947,9.103755e-05,109403920.0,815475.0
6545.0,0.020022161,0.0005284647,117405880.0,1292088.0
6155.0,0.017882023,0.000108489214,108673890.0,756239.0
5111.0,0.013943208,0.0,88315440.0,202175.0
4597.0,0.012646791,0.0,80146376.0,232163.0
4455.0,0.013267991,0.00012692522,79417144.0,469520.0
4860.0,0.015236995,0.00032418597,88222420.0,835438.0
5200.0,0.016317511,0.00016705133,93719336.0,701557.0
5798.0,0.01940691,0.0005475559,105899900.0,1112342.0
6318.0,0.02077022,0.00050699257,114304390.0,1014600.0
6423.0,0.019961314,0.0003040434,114839590.0,834952.0
6448.0,0.019667843,0.00018885959,114745620.0,733410.0
8316.0,0.055511896,0.009095024,218839550.0,12594172.0
11575.0,0.102895565,0.0188952,351586800.0,25980388.0
10149.0,0.051975716,0.00439415,220536780.0,7256937.0
8306.0,0.026949508,0.0,151469260.0,1173449.0
7890.0,0.03014789,0.0036976114,154982510.0,5729944.0
7365.0,0.022157466,0.0007313084,130371860.0,1749401.0
7238.0,0.021486804,0.00057578797,127900890.0,1408610.0
6402.0,0.018168425,0.00020438923,111890130.0,918047.0
8654.0,0.056617297,0.010013987,222594800.0,13479751.0
9096.0,0.057622816,0.0112404525,220900900.0,14779235.0
7669.0,0.027039472,0.0007689389,138539380.0,1419527.0
7154.0,0.023357518,0.0010164086,130000020.0,1849144.0
7269.0,0.026494466,0.0020085843,139670720.0,3100357.0
9372.0,0.05537936,0.0074700424,230753020.0,10176200.0
9174.0,0.047150154,0.003878072,206759180.0,5806366.0
13111.0,0.09167423,0.013848519,352842620.0,19055390.0
10560.0,0.038440917,6.615441e-05,201175300.0,1487000.0
9336.0,0.027904844,3.764913e-05,167664880.0,1118951.0
7877.0,0.021281729,0.0,138922940.0,657474.0
7007.0,0.019134967,8.6455606e-05,123266850.0,827070.0
8265.0,0.0437787,0.006434592,194057890.0,8986120.0
9476.0,0.060361966,0.011375758,239538670.0,15087882.0
9472.0,0.0467825,0.0051152157,207588620.0,7225326.0
8174.0,0.02646432,0.00013432933,148722270.0,1006220.0
7132.0,0.020468341,0.0,125784690.0,608595.0
7182.0,0.022802116,0.0009835497,131701350.0,1819843.0
6323.0,0.017415462,0.0,110698300.0,554520.0
5694.0,0.015986893,0.000100405014,100061120.0,711040.0
5772.0,0.017080393,0.00026426307,102479416.0,850901.0
6461.0,0.020533346,0.00066827453,117252640.0,1434958.0
5929.0,0.017148482,0.0,104078610.0,644736.0
6013.0,0.018436383,0.00024348733,107148220.0,966529.0
5867.0,0.017899107,0.0003011176,104632270.0,932988.0
6122.0,0.019109938,0.00039492553,109614250.0,939696.0
6156.0,0.018583085,0.00016866428,108760410.0,659276.0
5966.0,0.017388498,0.0,104975416.0,540968.0
5812.0,0.017276604,0.00021242636,103193580.0,805186.0
5671.0,0.016517548,5.97052e-05,100074870.0,627825.0
5584.0,0.016388744,9.630176e-05,98776530.0,708194.0
5514.0,0.01619794,5.164021e-05,97240616.0,710346.0
5907.0,0.018191947,0.00031321347,105830950.0,1081300.0
6003.0,0.01822425,0.00022990406,106633370.0,965943.0
5767.0,0.017853504,0.00034103382,102892350.0,927650.0
5827.0,0.018492317,0.00040244294,105400340.0,945445.0
5428.0,0.016319653,9.207239e-05,96569096.0,558694.0
5437.0,0.016372656,9.318168e-05,96625060.0,624282.0
5200.0,0.015374279,3.093087e-05,92411510.0,538041.0
5514.0,0.017146349,0.00018898137,98690584.0,761890.0
6387.0,0.021832405,0.0009894312,118636640.0,1859026.0
6065.0,0.018583661,5.7852325e-05,107320664.0,595978.0
